label,sample
artist_name,KeumB
artist_name,Laykou
artist_name,Ulviyya Ali
artist_name,ShowMeGod
artist_name,Morning Delight
artist_name,Ğ² Ğ¾Ğ´Ğ½Ğ¾Ğ¹ Ğ¸Ğ· ĞºĞ²Ğ°Ñ€Ñ‚Ğ¸Ñ€
artist_name,Nirvana
artist_name,Roy Malloy - Deep Senses
artist_name,Nuclear Power Trio
artist_name,REGI
artist_name,Twisted Sister
artist_name,dijei
artist_name,jdmaskell
artist_name,á¹­Ò»Ñ” áº‡Ñ§á¹­Ä‹Ò»Ñ”Ñá¹¡
artist_name,MetallicaFan2816
artist_name,Laurent Billiau
artist_name,piratech_corexd
artist_name,KTP
artist_name,Lynyrd Skynyrd
artist_name,Relax Cafe Music BGM
artist_name,Moods
artist_name,DISRUPT
artist_name,Forsaken
artist_name,Acolytes of Sorath
artist_name,alkecovers
artist_name,Metal Blade Records
artist_name,pink floyd backing tracks
artist_name,relax music
artist_name,Krissie & the Kranks
artist_name,D1ON1
artist_name,dadivan
artist_name,TJCK
artist_name,ĞšĞ¸ÑˆĞ»Ğ°Ğº
artist_name,JoR
artist_name,BTS
artist_name,ğ™‡ğ™Šğ™ğ™‰ğ™‚ğ™€ ğ™ˆğ™ğ™ğ™„ğ˜¾
artist_name,GRiZ
artist_name,Guns N' Roses
artist_name,unauthorized thing
artist_name,reggaeville
artist_name,Mortified Mortician
artist_name,Chillhop Music
artist_name,jinsang
artist_name,Richard Hanyu
artist_name,The Geek x Vrv
artist_name,williamgoodofficial
artist_name,ARCH ENEMY
artist_name,adidasfootball
artist_name,The Condescendants
artist_name,ArchEnemy
artist_name,Lynda Hulion
artist_name,Age R
artist_name,XOLIDAYBOY
artist_name,Rob Zombie
artist_name,Weiss
artist_name,Nick Cave & The Bad Seeds
artist_name,GRASS
artist_name,Pretty Lights
artist_name,Piratech
artist_name,Rocking Chair
artist_name,Mohamed Rezq
artist_name,Clarity Parity
artist_name,Almantas Rastenis
artist_name,ğŸMerna Mo7ebğŸ¦·
artist_name,â™° p0wder â™° (@weloveyoupowder)
artist_name,09Â¡NÄ±Ã—Ã—
artist_name,Havoc Osiris
artist_name,ğ—•ğ˜ƒğ˜…ğ˜†ğ—šğ—¿ğ—œğ—œğ—ºğ—²ğ˜€
artist_name,Ğ´ĞµĞ´ Ğ¸Ğ½ÑÑƒĞ»ÑŒÑ‚
artist_name,Asmaa Esam
artist_name,Lika
artist_name,Merlin Backus
artist_name,GOLD BULLETS
artist_name,The World
artist_name,Willow Jazz
artist_name,Nuclear Productions
artist_name,piratech
artist_name,nymano
artist_name,LEISURE
artist_name,KiTheory
song_name,Rob Zombie - Dragula 
song_name,Metallica - Best Ballads 
song_name,Graveyard Lips... 
song_name,Radical Redemption - Militant Mayhem | DJ Contest Mix By GroundDestroyers
song_name,3. Ghoulish Fuckdoll
song_name,Deep Senses 123 - Roy Malloy 
song_name,Macabre Dance
song_name,Nuclear Chill 
song_name,Eiffel 65 - I'm Blue 
song_name,Stranger at the door 
song_name,ğ˜½ğ™ªğ™§ğ™™ğ™šğ™£ 
song_name,Horen- Zien En Zwijgen 
song_name,Silent Night
song_name,The Birth of Papa Emeritus I / outro
song_name,Hand Of God 
song_name,ğ™ˆğ™® ğ™‡ğ™¤ğ™«ğ™š 
song_name,El Train- Misha- Jussi Halme- goodie bags - Dreaming
song_name,Metallica- Black Album 
song_name,Family Christmas
song_name,TWO - SIDED
song_name,Crazy Train cover 
song_name,born to run 
song_name,The Watchers Presents Dantes Inferno 9 Levels Of Drum and Bass
song_name,Breathless 
song_name,Deep Senses 127 
song_name,Solid
song_name,4. Cruci - Fix
song_name,ÙƒØ£Ù†ÙŠ Ø¨Ø¹ÙŠØ´ Ù‡Ø§Ù†ÙŠ Ø§Ù„Ø¯Ù‚Ø§Ù‚
song_name,Dark Prayer for Lust- Love and Desire
song_name,The Slums of Drums Mix
song_name,Deep Senses 122 - Roy Malloy 
song_name,batman #1
song_name,Lovely Bones
song_name,AC/DC - Back in Black
song_name,Breather Wave
song_name,Patience
song_name,Rusko - Hot 
song_name,9. Sucker For Suicide
song_name,Itâ€™s Zombo 
song_name,i hate to sing so i sample
song_name,7. Fuck Off
song_name,Lost Without You 
song_name,SET - Morning Delight - Resurrection - 16/10/2020
song_name,A Trip To Colorado For Vestersquanchies
song_name,Happy Joint
song_name,Vechter 
song_name,The Lovers 
song_name,SET - Morning Delight - Collecting Moments - 30/12/2021
song_name,SET - Morning Delight - Life Does Not Stop - 11/12/2022
song_name,Relations with Russia chill- and nuclear security cooperation gets put on ice
song_name,ÙƒØ£Ù†ÙŠ Ø¨Ø¹ÙŠØ´ /Ù‡Ø§Ù†ÙŠ Ø§Ù„Ø¯Ù‚Ø§Ù‚
song_name,Storm
song_name,Levitating / In Secret Dreams / Above the Hollow Earth
song_name,We're Not Gonna Take It
song_name,Carnage 
song_name,Something Remind Me
song_name,Deep Senses 120 - Roy Malloy 
song_name,ArchEnemy - Burn Your House Down 2.0 
song_name,will never leave you alone 
song_name,Full Clip Vol. III
song_name,White Elephant 
song_name,Whiskey in the jar Thin Lizzy version
song_name,Family Hearth
song_name,Let It Snow 
song_name,El Vampiro
song_name,Evil Needle- Misha - Summer Vibe
song_name,Near Christmas Tree
song_name,Anomalina
song_name,Queen - Somebody To Love 
song_name,ÙŠÙ…ÙƒÙ† Ø¯Ù‡ Ù…Ø´ Ù…ÙƒØ§Ù†ÙŠ.mp3
song_name,American Horror Made in America
song_name,The Clash - Should I Stay Or Should I Go
song_name,Summertime 
song_name,You Can Find Your Way- Update Your OS
song_name,Fallorado
song_name,All That You Fear- My Child 
song_name,Say It
song_name,REPERCUSSIONS v4.15 x .Url
song_name,RockinÂ´all over the world-Status Quo
song_name,off the riptor 
song_name,Crow Killer Blues
song_name,We Wish You A Merry Christmas
song_name,cannot stand
song_name,Nuclear Power Trio "Nyetflix and Chill"
song_name,out loud ìˆ˜ì¸ì´ì†”ì´í˜„ì„±ì´
song_name,Shattered Ground 
song_name,Yerin Baek
song_name,Santa Claus Is Coming To Town
song_name,Death Battle- Who Wears the Crown - Therewolf Media
song_name,5. The Dearly Disgusted
song_name,The Joker - Steve Miller Band - 
song_name,Miracle Is Near
song_name,I Need You 
song_name,Dreams Of A Woman
song_name,SOLID PHASE x Jersey Chiefa x Bay Boi
song_name,INSERT TITTLE HERE?
song_name,Bass Mechanics
song_name,GOLD BULLETS - Bang
song_name,NUCLEAR
song_name,Metallica - Ride The Lightning 1984 
song_name,Netflix - The Playlist  - Levels 
song_name,Evil Needle- Misha - In The Night
song_name,GroundDestroyers - RawPhoric 
song_name,Kitty Kitty W Intro
song_name,Pom Pom Girls Of Horror High
song_name,Deep Senses 126 - Roy Malloy 
song_name,Espresso Affogato
song_name,Synchronicities
song_name,Needs Now Is Love
song_name,Fallen Stars - SPC ECO
song_name,Piratech2edith
song_name,Lely45 - Ğ¡Ğ¿Ñ€Ğ¾Ğ±ÑƒĞ¹ ĞšÑƒĞ¿Ğ¸ ĞœĞµĞ½Ğµ-_-
song_name,JoR presents AFTERSOUNDS Vol.3 2010
song_name,DÃ­as Grises
song_name,Groundation - Come Together 
song_name,Jazzy Morning
song_name,Enter the Astral Sabbath
song_name,SET - Morning Delight - Music Take Me Higher - 18/03/2021
song_name,Come As You Are
song_name,Deep Senses 125 - Roy Malloy 
song_name,Tuesday's Gone
song_name,Lullaby Of Jazz
song_name,Jantsen - Lets Get Ill 
song_name,ĞœĞ½Ğµ Ñ…ÑƒĞµĞ²Ğ¾
song_name,Finding Chill In A Nuclear Firestorm
song_name,Heart-Shaped Box
song_name,Deep Senses 124 - Roy Malloy 
song_name,12. Date With The Devil
song_name,Yellow Bird
song_name,Krissie & The Kranks - Jitterbug Waltz
song_name,Leviathan 
song_name,Santa Baby
song_name,DeeJay AngerNoize - Move Yo Feet EP 
song_name,6. Look Beautiful Dead
song_name,ĞĞºĞµĞ°Ğ½Ñ‹
song_name,â€â¨Ø¹Ø¨Ø¯ Ø§Ù„Ø¨Ø§Ø³Ø· Ø­Ù…ÙˆØ¯Ù‡ Ù€ Ø§Ø¨Ø¹Ø¯ Ø¹Ù† Ø¯Ù…Ø§ØºÙŠâ©.m4a
song_name,ArchEnemy - Burn Your House Down 
song_name,SET - Morning Delight - Surprise Box - 26-12-2023
song_name,The Watchers - Fires OF Babylon VIP
song_name,Got It Bad
song_name,Chilled Cocktail
song_name,BloodLine - 3 Seconds
song_name,The Watchers - Dutty Bizness
song_name,Enter the Sacrifice 
song_name,DeeJay AngerNoize - MFin' Drop 
song_name,These Illusions Are My Latest Addiction 
song_name,kool-aid 
song_name,Cosmic Dancer 
song_name,The Sun is Your Cheerleader
song_name,tout on trip
song_name,119
song_name,MOON LIGHTS THE SHADE 
song_name,Piratech - Nuclear Chill
song_name,Evil Needle- Misha - Cloud Zone
song_name,14-The Nuclear Chill 
song_name,The Much Talked Of Metamorphosis
song_name,Als Ik Mezelf Verlies
song_name,Get Loose
song_name,SET - Morning Delight - Song Of Angels - 28/01/2022
song_name,Desert Harem
song_name,Boom-Boom-Boom
song_name,CAMO
song_name,ğ™ğ™šğ™¡ğ™¡ ğ™ˆğ™š 2 
song_name,All Day and All of the Night - The Kinks
song_name,Ğ¥Ğ¾Ğ»Ğ¾Ğ´Ğ½Ğ¾
song_name,they said 
song_name,GOLD BULLETS & IDE-K - Jump
song_name,5 - Chill Dat Night - Prod. By Nuclear Prodcutions
song_name,mix2chill
song_name,King Death / Lord of the Grave Mounds
song_name,MY BABY DONT LOVE ME NO MORE
song_name,A Time Of Piano
song_name,Zeds Dead -Demons 
song_name,Deep Senses 121 - Roy Malloy 
song_name,ğ™’ğ™ğ™¡ğ™¡ 
song_name,SHOWMEGOD - No Lives Matter
song_name,GroundDestroyers - Handle The Truth 
song_name,Full Clip Vol. ll
song_name,Weiss 
song_name,Calle 13- Haway 
song_name,AC/DC - You Shook Me All Night Long
song_name,It s a Bear in the Woods
song_name,The Watchers - A Texas Drum And Bass Massacre
song_name,After Coffee
song_name,Charlie- My Darling 
song_name,SET - Morning Delight - Israeli All Stars - 25/03/2022
song_name,Ğ’ĞµÑ€Ğ½Ğ¸Ñ‚Ğµ Ğ² Ğ¼Ğ¾Ğ´Ñƒ Ğ»ÑĞ±Ğ¾Ğ²ÑŒ
song_name,Squeelbatcherâ€™s Titanium Lunar Metal Journey
song_name,Piece of My Heart 
song_name,quand la pluie tombe 
song_name,Metallica - Master Of Puppets 1986 
song_name,Moods - New Horizon 
song_name,Van Halen - Jump - drumless
song_name,11. Can You Necro - Feel It?
song_name,GOLD BULLETS- Space Drugs
song_name,SET - Morning Delight - Eternal Memories ğŸŒ¤ - 24/06/2020
song_name,All Apologies
song_name,Messiah Reborn
song_name,women 
song_name,Nyetflix and Chill
song_name,Vergeet De Tijd 
song_name,juju - Wasted Summers
song_name,SET - Morning Delight - Itâ€™s Never Late - 19-09-2023
song_name,8. Hats Off To The Captain
song_name,Pink Floyd - Wish You Were Here
song_name,Operator
song_name,Him & I 
song_name,Ghosteen Speaks 
song_name,Cozy Autumn Days
song_name,BloodLine - For Me 
song_name,SET - Morning Delight - Brazilian All Stars - 25/02/2022
song_name,Deep Senses 119 - Roy Malloy 
song_name,El Train- goodie bags - Spring
song_name,summer's day. 
song_name,settled 
song_name,ALGORÄ¯THMÄ¯X
song_name,Waiting For You 
song_name,MAMA RUSSIA - Ğ”Ğ¾Ğ¿Ñ€Ğ¾Ñ
song_name,Itâ€™s Beginning To Look A Lot Like Christmas 
song_name,Summer '97 ft. Muzzy Bearr
song_name,Humble Bumble Rumble
song_name,Alles Is Op
song_name,solitude 
song_name,intellect 
song_name,THE WATCHERS - INTONATION MODULATION VIBRATIONS
song_name,d1rty l1ttle em0b0y 
song_name,Jingle Bells
song_name,10. Frantic Satanic Panic
song_name,Deck The Halls
song_name,Breathe
song_name,They Are The Munsters
song_name,ğ™ğ™šğ™£ğ™¨ğ™ğ™¤ğ™£ 
song_name,Zwaartekracht
playlist_name,jazz for work
playlist_name,coffee jazz
playlist_name,jazz
playlist_name,best--- classic rock mix --- playlist
playlist_name,chillhop radio  jazz/lofi hip hop beats to study/relax to | study music | chillhop music 2023
playlist_name,classic rock hits : 90s 80s 70s 60s rock music legends
playlist_name,cozy christmas jazz
playlist_name,acid jazz
playlist_name,best of classic rock and heavy metal all times 60s | 70s | 80s | 90s | 2000s | best of hard rock
playlist_name,classic rock mix
playlist_name,rock, metal, punk
playlist_name,lofi~beats~chill~sad~study~sleep~relax~jazz~guitar~piano~instrumental~relaxing~music~rap~mix~2023
playlist_name,christmas jazz
playlist_name,classic rock
playlist_name,classic rock playlist
playlist_name,í¬ë¦¬ìŠ¤ë§ˆìŠ¤ ì¬ì¦ˆ ğŸ„ - christmas jazz ğŸ„
playlist_name,80's & 90's classic/rock
music_streaming_provider,Soundcloud
music_streaming_provider,sound cloud
music_genre,jazz
music_genre,metal
music_genre,pop
music_genre,rock
music_genre,indie
music_genre,trance